listing_id,photo_id,width,height,r,g,b,brightness
6811957,6811957_3dad56e8bf3477b2900ca39d57df041e,640.000000,426.000000,178.845694,174.907083,173.244392,175.834591
6811957,./6811957/6811957_33d08c8dc440c89bccc8d9889c5485a6.jpg,640.000000,426.000000,178.780164,178.831587,176.925730,178.714182
6811957,./6811957/6811957_3dad56e8bf3477b2900ca39d57df041e.jpg,640.000000,426.000000,178.845694,174.907083,173.244392,175.834591
6811957,./6811957/6811957_7d3ab8175d23fee64c0651b1bc16f2cc.jpg,426.000000,640.000000,170.823665,171.953723,170.863153,171.617797
6811957,./6811957/6811957_83a4e2e75ea15a5a1d2cc9de3407b1b9.jpg,640.000000,426.000000,187.609731,178.488314,172.960644,180.689229
6811957,./6811957/6811957_acbdbbe6ff435b9d4f520db6da1ada9a.jpg,640.000000,426.000000,189.753903,184.030663,177.582952,185.148291
6811958,./6811958/6811958_1fe0076c8b481e0af2223afab02503da.jpg,640.000000,425.000000,168.885096,161.291353,147.358243,162.441627
6811958,./6811958/6811958_23ceae42d2c88ffc5a057db1deb346c1.jpg,640.000000,426.000000,128.426511,131.817147,137.522631,131.994607
6811958,./6811958/6811958_bb863a4184a1e085f0c55e0172767abd.jpg,344.000000,544.000000,223.948471,223.948471,223.948471,223.948471
6811958,./6811958/6811958_c131c57b97afd739161579cdb41c9884.jpg,640.000000,425.000000,161.561335,153.448107,141.206191,154.804511
6811960,./6811960/6811960_3685d3542328b820980642535d8ccb72.jpg,448.000000,336.000000,172.977785,159.125977,142.677130,161.889347
6811960,./6811960/6811960_a3bd517552d4163c4732c4bd5334b2e0.jpg,448.000000,336.000000,143.420208,134.955271,118.995356,136.385463
6811960,./6811960/6811960_c02610c878db091323ec1302fcec9165.jpg,448.000000,336.000000,129.839465,127.472729,122.156502,127.851914
6811960,./6811960/6811960_c2a540f2cb5bd97229ebf307a6667d0f.jpg,448.000000,336.000000,134.046177,124.464412,104.665710,125.939197
6811960,./6811960/6811960_c79be28076dcb1fa25b5991f57cafaf2.jpg,448.000000,336.000000,130.916733,117.241218,93.579048,119.637570
6811960,./6811960/6811960_f1d2937c0554db92aea6b98a858a57db.jpg,336.000000,448.000000,181.511247,162.051485,157.890552,167.432985
6811964,./6811964/6811964_2544544577e9484e06ddf8928f1161fe.jpg,524.000000,393.000000,144.944962,139.590899,134.575010,140.620986
6811964,./6811964/6811964_552eab2b6974e995b419654faecc1cd8.jpg,540.000000,640.000000,205.507387,184.152555,158.903643,188.129842
6811964,./6811964/6811964_8675abb759244592737ccad1a43e92c9.jpg,524.000000,393.000000,134.460186,132.593356,126.506779,132.764484
6811964,./6811964/6811964_cad104ee592d397c0d14749f0fb9c0dc.jpg,524.000000,393.000000,122.678719,114.544150,108.250427,116.248360
6811964,./6811964/6811964_e668768a32baf564bbfee5d7c539ba8d.jpg,524.000000,393.000000,136.724924,133.828001,136.471908,134.739239
6811965,./6811965/6811965_667ecc99e679559ca6da6519574e7c74.jpg,600.000000,370.000000,88.303099,87.409324,80.239977,87.278644
6811965,./6811965/6811965_b8f942e69c3ea9b8f28d059faef7f726.jpg,600.000000,371.000000,100.434906,83.886181,63.697152,87.302638
6811966,./6811966/6811966_4b440093333057df6f5f7202db59e1f6.jpg,295.000000,393.000000,140.551619,133.521068,120.337085,134.675246
6811966,./6811966/6811966_8b83c24d1e43d49907fd4e5d35d9aa56.jpg,597.000000,600.000000,190.986220,159.903107,135.168934,166.839684
6811966,./6811966/6811966_9e6365961d0688df4e2570c7656fe22a.jpg,295.000000,393.000000,150.313322,135.010566,120.357097,138.480506
6811966,./6811966/6811966_c61820a7efc55f5fd9464db566afe0f4.jpg,295.000000,393.000000,107.510700,97.695398,85.901307,99.538522
6811966,./6811966/6811966_cee05ea4ec261310940eadf2fac6c45c.jpg,295.000000,393.000000,140.604891,130.366662,117.431061,132.396759
6811966,./6811966/6811966_de22ef5e5ce890e689fc20b4650fa475.jpg,295.000000,393.000000,123.781895,115.317135,93.147755,116.420239
6811966,./6811966/6811966_e1cee3baaf378e4ec332d678a7985aaa.jpg,295.000000,393.000000,156.683831,148.691905,132.790245,149.704271
6811971,./6811971/6811971_316de6b319af90b39c406c555616ebe1.jpg,426.000000,640.000000,159.953664,151.529453,140.464554,153.288565
6811971,./6811971/6811971_5a8ef2510c23ca1cb5a13008319582b7.jpg,640.000000,426.000000,163.618970,157.244770,153.765548,158.743267
6811971,./6811971/6811971_5b919ae506c3e79127454c3a97497fed.jpg,640.000000,426.000000,192.239360,184.350403,180.891879,186.308056
6811971,./6811971/6811971_8f06565ad92795211d23f3f6e298ac2e.jpg,640.000000,426.000000,172.054086,164.715236,159.841608,166.433124
6811971,./6811971/6811971_9d6de319cbd7443c58626e134ec2f41a.jpg,640.000000,426.000000,100.737097,104.285241,108.322190,104.815068
6811971,./6811971/6811971_c224e023ac45f2cbddaecfee78b99779.jpg,640.000000,426.000000,128.876581,124.810105,125.788872,126.580681
6811971,./6811971/6811971_d705c1804afa3c75ed5f33ef10b67b13.jpg,426.000000,640.000000,148.716197,140.359093,127.581859,141.828581
6811973,./6811973/6811973_088f1b6364ecc9a974871d5620cccd31.jpg,640.000000,426.000000,209.857959,162.897326,124.242063,174.214643
6811973,./6811973/6811973_40636c0c97cd656854bc878a8d8e395e.jpg,427.000000,640.000000,187.506755,179.672241,177.546165,181.608059
6811973,./6811973/6811973_aeb2dbfe43f23d97f0cf2bc0055d36c6.jpg,640.000000,426.000000,166.171391,154.325932,143.469898,156.815419
6811973,./6811973/6811973_bf396ccbe6d78ab72f75cdc3758f7d7b.jpg,640.000000,426.000000,206.647473,156.147282,100.463325,168.285741
6811973,./6811973/6811973_c87c8f6dd5b8d6a5e5fb1f67501a208e.jpg,640.000000,426.000000,192.535347,161.491003,145.633337,169.580498
6811974,./6811974/6811974_057c5a53e2891d34b5ec5cdbadbaf891.jpg,640.000000,423.000000,182.189369,150.916360,124.702697,158.559368
6811974,./6811974/6811974_1003034e9a18ed85bc27c475d250d8fc.jpg,640.000000,423.000000,188.172765,167.965104,160.021602,174.128636
6811974,./6811974/6811974_197bb9515b3d7929c2848e61a050ad1a.jpg,512.000000,608.000000,244.613352,245.171599,244.953922,245.053258
6811974,./6811974/6811974_20790d6948bcfc2f1591e41e9a1f911d.jpg,640.000000,423.000000,190.579004,172.959486,165.461348,178.243988
6811974,./6811974/6811974_39be7f428f80beda5163e909ea05a95a.jpg,640.000000,423.000000,189.578672,180.775340,173.462467,182.660466
6811974,./6811974/6811974_e6f0566b6f5491958ec039d91e1b7877.jpg,640.000000,423.000000,171.362112,164.757842,154.630415,165.948672
6811974,./6811974/6811974_e88afbd7c8811ed20e1242be142764be.jpg,640.000000,423.000000,180.903672,169.960498,151.284611,171.620543
6811974,./6811974/6811974_f2e7a7f644a11c5707e72976b07e87de.jpg,640.000000,423.000000,168.213420,160.433411,152.471269,162.263243
6811974,./6811974/6811974_f743ac4f6624834a57fc87bf6e2a1baa.jpg,640.000000,423.000000,183.497943,168.625041,155.620952,172.339325
6811975,./6811975/6811975_370cb7873ecaca7b671571bffb5bdde5.jpg,600.000000,400.000000,192.309692,184.409479,173.654721,185.941977
6811975,./6811975/6811975_84fda6fd3d55c7d5836de0f4ecc62073.jpg,600.000000,400.000000,208.649396,199.848996,189.797292,201.631223
6811975,./6811975/6811975_8e4e96187b64ccd22d1464654fde76c5.jpg,600.000000,400.000000,190.080629,187.244546,175.740183,187.278292
6811975,./6811975/6811975_9d202637727395be5b9ec213c4dadab4.jpg,600.000000,400.000000,177.168025,171.949758,162.333671,172.788668
6811975,./6811975/6811975_ac7f81f1b25b3ed14a051264576c0b67.jpg,600.000000,400.000000,181.383921,173.775700,161.056446,175.004053
6811975,./6811975/6811975_e67f3e64835c4936a5d4c8246afdf572.jpg,600.000000,400.000000,164.207667,170.075817,167.637408,168.526468
6811975,./6811975/6811975_f1aa6ce8cf9423adb7880890f44c9961.jpg,600.000000,400.000000,150.919358,154.094158,138.833658,152.600652
6811983,./6811983/6811983_1269890962e49d7d077f4b9b4d0967e5.jpg,640.000000,426.000000,164.513681,164.641608,161.340790,164.544118
6811983,./6811983/6811983_864d1ca65e5c4bafff36827069f56446.jpg,426.000000,640.000000,154.699593,150.643427,143.323192,151.422444
6811983,./6811983/6811983_ca1010314060364ef7da4c6e15fccb94.jpg,640.000000,426.000000,156.137119,151.242529,142.715240,152.209727
6811984,./6811984/6811984_07aab16f822c3c6e5cdc07801388b101.jpg,427.000000,640.000000,189.361099,189.344354,189.314008,189.400047
6811984,./6811984/6811984_08bf619d7e2150c577b3ab2ec3906dba.jpg,427.000000,640.000000,80.261999,63.479036,47.675607,67.527612
6811984,./6811984/6811984_1c14c8ac05f5e04c8665f03570aa371a.jpg,640.000000,426.000000,134.928191,119.632145,107.695507,123.231744
6811984,./6811984/6811984_c6ec69f49ae463422633b872fa5ad801.jpg,640.000000,426.000000,163.920793,142.857820,125.788351,147.939204
6811984,./6811984/6811984_c9af68161ea672f0bc8a8a11775f0fab.jpg,426.000000,640.000000,233.146097,216.891766,203.811623,220.389562
6811988,./6811988/6811988_0569c6cd5fdec9504ab142b5d43f353e.jpg,480.000000,640.000000,145.881449,130.579281,105.874268,133.477883
6811988,./6811988/6811988_3d52c877daac0e4f78e0f2a330e1e2cb.jpg,480.000000,640.000000,170.920749,177.619476,187.103193,176.851232
6811988,./6811988/6811988_53a45190e00ec3d196036896a5ca538f.jpg,480.000000,640.000000,169.898792,153.351383,135.392852,156.981383
6811988,./6811988/6811988_6702425440a66d99a6d5a6a3083a521d.jpg,480.000000,640.000000,186.578750,166.999629,143.869801,171.067580
6811988,./6811988/6811988_90a63835a9993c745b7022660e5a5540.jpg,480.000000,640.000000,161.319307,150.808571,138.186003,152.822523
6811988,./6811988/6811988_d2dfdd07b2469241ee27f09f6a217d30.jpg,640.000000,480.000000,191.163763,167.526478,144.907884,172.898791
6811988,./6811988/6811988_fd0a758d45a6f06ad8edd47a62bcfb30.jpg,480.000000,640.000000,204.490833,189.371315,170.042376,192.281690
6811988,./6811988/6811988_fe6ab52cab2148b813c9abec2066e0a5.jpg,480.000000,640.000000,196.109860,199.290091,205.419069,199.017881
6811990,./6811990/6811990_69d50825b4c2a2164f00aedc7bbd5478.jpg,640.000000,462.000000,154.145170,136.625687,116.832102,140.128074
6811990,./6811990/6811990_ad1ff939b75240749a5a8cdc994effb0.jpg,640.000000,461.000000,203.158114,179.879765,158.388385,185.134651
6811990,./6811990/6811990_b2fd22181e56d009f8c2fed208a04e79.jpg,640.000000,463.000000,186.799119,156.310857,120.414245,162.908517
6811992,./6811992/6811992_040de2e3ce31813066c3a06d9feefe7b.jpg,640.000000,426.000000,122.266795,108.374149,96.437383,111.452015
6811992,./6811992/6811992_282c4d03c2ea5ab19406acbab04d3da7.jpg,640.000000,426.000000,110.576133,109.765907,108.658939,109.906487
6811992,./6811992/6811992_3c5e4642f2398df55199c217dbfc458a.jpg,426.000000,640.000000,132.346523,125.224978,113.135769,126.461034
6811992,./6811992/6811992_9e414f4a08781c0bb2eb8b4358013133.jpg,640.000000,426.000000,121.739495,115.348907,111.330007,116.927585
6811992,./6811992/6811992_ea19dff927d05da7d9cc535f9122dd6b.jpg,426.000000,640.000000,132.346523,125.224978,113.135769,126.461034
6811992,./6811992/6811992_f9b9a1f63e303be6828c13109b855900.jpg,426.000000,640.000000,221.178653,199.250873,159.407978,202.513172
6811995,./6811995/6811995_041c8c4504f5d8ed1d128cf29fefaa56.jpg,640.000000,479.000000,214.526386,196.393303,152.771232,199.042015
6811995,./6811995/6811995_1c303138fab59079bb9646b26d864ab1.jpg,640.000000,479.000000,200.837311,178.034819,142.113684,182.101090
6811995,./6811995/6811995_480e847c8b9a7e01b2bb449525695b69.jpg,480.000000,640.000000,227.565531,199.570736,170.039951,205.365812
6811995,./6811995/6811995_b12b3d62e5c3a09cd4569149adb35b05.jpg,480.000000,640.000000,205.355202,195.919414,158.333620,196.129258
6811995,./6811995/6811995_bd515e8adaa19b3d0252ccb7fe7eeba5.jpg,480.000000,640.000000,199.734368,166.000020,120.115713,172.817895
6811995,./6811995/6811995_ed6fa7a789197832915368986c2c258d.jpg,640.000000,479.000000,183.915406,166.461218,143.308494,169.656029
6811997,./6811997/6811997_42f7bca780fc9e542e0d6cb3548e5f9d.jpg,640.000000,640.000000,95.854685,90.498259,82.688950,91.389274
6812000,./6812000/6812000_1a35e6b1d415522990afd489af126c25.jpg,640.000000,422.000000,163.019109,186.602666,221.344113,184.202919
6812000,./6812000/6812000_9b5ed7d2eaceac79fa6aca9c59ecf39e.jpg,640.000000,426.000000,145.797102,148.812815,146.534778,147.973861
6812000,./6812000/6812000_ba779a72c4beb1706cbc7e956404cb18.jpg,640.000000,388.000000,201.697092,180.519870,160.943770,184.906676
6812000,./6812000/6812000_bcf656215dfc6e6a45055ef038af242b.jpg,475.000000,640.000000,199.879701,188.700247,172.036753,190.431998
6812000,./6812000/6812000_ec0908400630b623c44212e5627d0496.jpg,640.000000,412.000000,133.173419,136.294922,138.047565,136.316878
6812004,./6812004/6812004_66e1d16215f08c644b6c0b9050ea611a.jpg,640.000000,640.000000,178.906563,188.272834,196.917876,186.904900
6812004,./6812004/6812004_6ddab1c0a17ea7191302c6c92d546cae.jpg,640.000000,426.000000,154.862658,163.153143,174.831536,162.180163
6812004,./6812004/6812004_78a0d07830fa22074fecdb458ddb1735.jpg,426.000000,640.000000,195.444726,196.667143,202.063252,196.949470
6812004,./6812004/6812004_b49f59f9ed4ba9586b735cda214202b0.jpg,640.000000,426.000000,171.565717,167.986447,168.968174,169.535925
6812004,./6812004/6812004_fa4c3d882fe3602422f031bf2c0c3037.jpg,510.000000,640.000000,181.895888,151.796391,116.144507,158.821560
6812009,./6812009/6812009_0fd6d2abe35aee9e69fcd94ab473c36c.jpg,640.000000,360.000000,120.696224,109.588490,103.255430,112.521497
6812009,./6812009/6812009_aca1ba758a8595ed1521a1141123e3bf.jpg,640.000000,480.000000,162.271494,117.149261,79.525488,128.499422
6812009,./6812009/6812009_de73a596d04de5d012d6ed53169fc349.jpg,640.000000,480.000000,135.379215,119.614889,102.576055,122.909133
6812009,./6812009/6812009_e74dce141fb3da75ddaadf0b01208d64.jpg,640.000000,480.000000,160.337015,131.344531,102.365996,137.643589
6812009,./6812009/6812009_f0e68d38a6d39b3ffb23ee45e1ae5349.jpg,640.000000,480.000000,117.264645,101.050752,88.843226,104.920077
6812009,./6812009/6812009_f85ce31e219be175a0c2a99972656dfb.jpg,640.000000,480.000000,122.202526,106.783171,90.894173,110.084846
6812012,./6812012/6812012_27072c9beb253ddfd2292f0913ec0389.jpg,640.000000,426.000000,129.114987,124.342415,121.638945,125.999288
6812012,./6812012/6812012_8576cfa7fe06beddf8dc6fd04228693c.jpg,640.000000,426.000000,118.392301,112.547455,103.291934,114.951375
6812012,./6812012/6812012_e0dbe3797507b837efac7af406218c26.jpg,640.000000,426.000000,128.082204,116.527589,105.097865,119.091358
6812016,./6812016/6812016_0e2d559af28b2ee756d35ab4fd27cc00.jpg,640.000000,348.000000,122.593844,147.873231,194.354360,147.182038
6812016,./6812016/6812016_4f1557ec57fb678c2f49e4cad0f899cf.jpg,640.000000,348.000000,122.593844,147.873231,194.354360,147.182038
6812016,./6812016/6812016_61184c2e50f174dbb1e5cdfa055981f0.jpg,640.000000,480.000000,144.365557,131.097103,122.393109,134.327265
6812016,./6812016/6812016_6d58e63cca29ec18012ffc716ba2254c.jpg,480.000000,640.000000,106.085199,99.482568,92.671748,100.700265
6812016,./6812016/6812016_6d9f8711bb1a6edf3245c03c8d4c2183.jpg,480.000000,640.000000,157.977591,152.177832,144.863379,153.188383
6812016,./6812016/6812016_98ae0ef3250fa34d5004f9b89b43d3d6.jpg,453.000000,640.000000,125.749648,136.728011,145.280874,135.283171
6812032,./6812032/6812032_2434426453946879651831a887ee922d.jpg,640.000000,480.000000,152.799883,142.492874,134.011240,144.751183
6812032,./6812032/6812032_3ad493fd218a1f37e23044a0772c9ca8.jpg,640.000000,480.000000,162.305150,148.340143,135.830378,151.339918
6812032,./6812032/6812032_6223d158a6ac3260b2ddc017d66d081f.jpg,640.000000,480.000000,154.590726,144.314157,135.273815,146.319524
6812032,./6812032/6812032_8f7156712b1cebec244320b4ef40a710.jpg,640.000000,480.000000,181.151507,156.680771,129.885299,161.845917
6812032,./6812032/6812032_a3e69148a15e1509f2a0cd245d6ee4e4.jpg,640.000000,480.000000,177.099710,169.565352,161.363753,170.893273
6812032,./6812032/6812032_b317e997973f155e7cab56d20636b86c.jpg,640.000000,480.000000,182.506686,168.708118,154.525667,171.472863
6812032,./6812032/6812032_e64a960ead6f0471ea0e82171967d9c6.jpg,640.000000,480.000000,202.402051,188.528835,173.988864,191.114056
6812032,./6812032/6812032_f7ebfafb4cc16d293018a767f0247756.jpg,640.000000,480.000000,163.701549,150.987012,136.457894,153.343381
6812032,./6812032/6812032_ffb3ac6ec718f8956e0a2ac2318c331a.jpg,640.000000,480.000000,199.660983,183.869238,165.253812,186.822077
6812033,./6812033/6812033_4dba23e8b3c4fd789593b9d1b3f18ded.jpg,640.000000,427.000000,155.141891,135.559144,124.775242,140.511804
6812035,./6812035/6812035_215c0ca303e230f0e2ea1b47579a1547.jpg,427.000000,640.000000,163.108907,168.297321,168.585476,167.366219
6812035,./6812035/6812035_2c5e18b7144085c3163879efe97e625a.jpg,427.000000,640.000000,161.010326,165.194145,164.630844,164.470284
6812035,./6812035/6812035_2d877bf127cc15425a1686089359b569.jpg,486.000000,640.000000,168.279578,149.419461,125.854530,153.234229
6812035,./6812035/6812035_5bef648b3a37d1b9af6e812c55bfc439.jpg,424.000000,640.000000,170.977395,154.003611,123.418547,157.177982
6812035,./6812035/6812035_5cc0a3684b108ea30cc6af00b2def50a.jpg,640.000000,426.000000,181.846193,181.045914,179.478638,181.147865
6812035,./6812035/6812035_a077e2366c6c5990108c4f8b3ea9eb97.jpg,640.000000,426.000000,203.203341,188.794172,177.029497,191.806281
6812035,./6812035/6812035_d5a66c15813ae24c44526173d487efb8.jpg,640.000000,423.000000,179.795035,173.611170,168.316537,174.893236
6812041,./6812041/6812041_3041386d518b5f006025634dda29c8f5.jpg,499.000000,640.000000,124.513289,116.862444,89.301115,117.563104
6812041,./6812041/6812041_47554c6a0bcded05b4e8d6dd7238b01d.jpg,640.000000,461.000000,121.117042,108.010239,85.482484,110.743486
6812041,./6812041/6812041_a48ceb758c014a8300213a6808e022f7.jpg,640.000000,457.000000,118.708896,113.744977,108.010756,114.755745
6812045,./6812045/6812045_030b0dbd4a13b5e6549d5601d6df4230.jpg,640.000000,426.000000,110.582813,107.912731,105.188512,108.440251
6812045,./6812045/6812045_1b1cc01bf556476b1b74e0f318ef89b0.jpg,640.000000,426.000000,158.819322,157.482937,157.426665,157.922348
6812045,./6812045/6812045_79f09db4facda5ce51e1f493a80e786e.jpg,640.000000,426.000000,150.202982,145.060684,135.068218,145.727071
6812045,./6812045/6812045_fbdc79e9dcbc091124128a8f7601a53f.jpg,640.000000,426.000000,124.253422,124.734584,124.016373,124.617366
6812048,./6812048/6812048_6096212c57106114883bf322e3e327f2.jpg,640.000000,487.000000,138.184436,115.982642,91.052037,120.694037
6812048,./6812048/6812048_c0a709a968e616b02c5b09af9b769379.jpg,480.000000,640.000000,161.668906,138.818701,123.090960,143.984278
6812048,./6812048/6812048_c3d1737569657d7b8187533c6e55baf2.jpg,640.000000,479.000000,138.575887,116.677616,102.427052,121.763758
6812049,./6812049/6812049_a74ab51699f608535888d0918629e22d.jpg,640.000000,426.000000,95.766773,88.831477,83.097990,90.359250
6812049,./6812049/6812049_c09649643477c651f2d4bb733e7abec6.jpg,426.000000,640.000000,112.460428,105.816553,99.254838,107.224268
6812049,./6812049/6812049_c60655f678ca381bdc8dd1f06424e086.jpg,640.000000,426.000000,113.362265,105.914484,98.250946,107.430675
6812049,./6812049/6812049_d364ae4f4dd5ce34c07eea73420bb33c.jpg,640.000000,426.000000,149.110666,139.151071,129.703811,141.300318
6812049,./6812049/6812049_dc6cd261cb5554b4beb6a46e84309218.jpg,426.000000,640.000000,82.568721,62.921468,49.913542,68.131169
6812050,./6812050/6812050_0eec825f3bec57e0306eacdd23da7f69.jpg,480.000000,640.000000,155.937793,125.767643,110.984453,133.471564
6812050,./6812050/6812050_beb92c3df433ead14709de716622d5e2.jpg,480.000000,640.000000,158.808135,105.129648,76.055228,121.517590
6812050,./6812050/6812050_cce7b782c1b25bbad9f816fa2f6ab54c.jpg,640.000000,479.000000,161.286626,121.491920,101.757392,131.844935
6812050,./6812050/6812050_f5c797555ef636a70d1323ea0379a974.jpg,480.000000,640.000000,214.298962,192.061859,176.434427,196.737538
6812051,./6812051/6812051_39ff9c3d4ad420d0af796d4e5494e214.jpg,640.000000,480.000000,117.041367,103.284255,85.719603,106.075864
6812051,./6812051/6812051_9f259eddfad8d6132ca244eef93c032c.jpg,480.000000,640.000000,102.022962,88.244951,68.702995,91.029959
6812051,./6812051/6812051_ce903c679367895359ee62d3e6cf8e30.jpg,640.000000,480.000000,133.529225,103.695479,67.539388,110.440235
6812051,./6812051/6812051_e575f7ad244ee22e8636621f4a048fe1.jpg,480.000000,640.000000,168.568262,157.059590,143.848548,159.084746
6812052,./6812052/6812052_5bd2f46d87a04c1e4297c9dafe5cc83d.jpg,480.000000,640.000000,120.283229,110.052493,95.197406,111.865160
6812052,./6812052/6812052_67e1ffe0b472c29ed76abdae6ca6099a.jpg,480.000000,640.000000,97.297161,100.675547,95.662897,99.603900
6812052,./6812052/6812052_7a83ef83375921335130e4e871b74d57.jpg,480.000000,640.000000,133.356081,121.589450,106.402620,123.748318
6812052,./6812052/6812052_b6a627d111addfd03db809d96cdc5ddc.jpg,480.000000,640.000000,107.553724,96.888906,81.662588,98.937256
6812052,./6812052/6812052_db8635058bce78b127cc9e21dd8071e7.jpg,381.000000,640.000000,92.073458,79.580294,68.344464,82.493668
6812054,./6812054/6812054_066c90ec7ae992473b25b6e74a981621.jpg,640.000000,476.000000,125.883663,108.226448,92.588757,112.455235
6812054,./6812054/6812054_514917724dc94fd4ea24993ae591cd0e.jpg,640.000000,480.000000,159.352881,138.312445,113.608083,142.951729
6812054,./6812054/6812054_bc8af2f4d4e176f7a8b1e44566ed945b.jpg,640.000000,446.000000,148.538323,124.055497,98.371710,129.490668
6812061,./6812061/6812061_1f97a03d231bda87347024b2a905648c.jpg,640.000000,530.000000,112.010705,91.224652,73.927232,96.023073
6812061,./6812061/6812061_272880740ae944bfc7434b61e486fb42.jpg,640.000000,492.000000,164.370198,135.041308,109.624686,142.264791
6812061,./6812061/6812061_7ade1e5c4b7783dab575bb2b204f6d77.jpg,640.000000,512.000000,136.053516,131.932379,126.227777,132.721927
6812061,./6812061/6812061_89c35d3f050817bbc80b5f07c478f0e4.jpg,640.000000,521.000000,145.127450,128.823387,113.037263,132.732548
6812061,./6812061/6812061_95f8fafaeeaada90b7e5209c3af37fa0.jpg,566.000000,640.000000,107.034480,100.547267,97.836371,102.120091
6812061,./6812061/6812061_ab52bdfa172067ff16397fa9939ddf15.jpg,640.000000,528.000000,128.498242,108.611384,88.059103,113.104878
6812061,./6812061/6812061_b17f18037ddff901d3c323812ac8ff8c.jpg,640.000000,613.000000,158.011343,133.760968,101.686376,138.709960
6812061,./6812061/6812061_b642a34fd857b745cd4d8e370018367f.jpg,640.000000,489.000000,122.810950,117.784167,107.223207,118.357936
6812061,./6812061/6812061_dbb5d334edbcdbd11c2da2fdc52eb36b.jpg,626.000000,640.000000,148.921456,130.447923,130.677314,135.249048
6812061,./6812061/6812061_e21c1d3fa244d7a83513d1afb9ff8815.jpg,640.000000,471.000000,134.169506,131.627435,126.790088,131.959287
6812061,./6812061/6812061_ff41dbbc9181a9390ce97eb6aec12771.jpg,634.000000,640.000000,91.748028,87.708727,85.591921,88.654497
6812063,./6812063/6812063_4a44059e8b216d395ed0f77875104cce.jpg,480.000000,640.000000,152.737005,129.821201,112.136084,135.414995
6812063,./6812063/6812063_843d6131cb81d8bf4cec420e671ad530.jpg,480.000000,640.000000,171.163923,138.165345,110.808893,145.546271
6812063,./6812063/6812063_e3e50e3189048f08fca530eaf1dd2d71.jpg,480.000000,640.000000,100.522959,80.696963,66.331829,85.846239
6812063,./6812063/6812063_f78c517604ce35688a42063e9a8a8e8e.jpg,480.000000,640.000000,145.834935,119.373128,99.744108,125.510161
6812064,./6812064/6812064_0b2828bfba85b8a54215f45bd4eec7ed.jpg,480.000000,640.000000,165.139561,160.914027,156.020775,161.777647
6812064,./6812064/6812064_30350880869a0f04237b7e74bdb2f42c.jpg,640.000000,480.000000,130.922279,123.353880,111.095898,124.486093
6812064,./6812064/6812064_4d3ec9d29a2169fd291a72c2e0dd9384.jpg,640.000000,480.000000,130.486370,120.510355,109.880684,122.634617
6812064,./6812064/6812064_505da45936068c8170b3f49a6c0454fa.jpg,640.000000,480.000000,149.526410,142.693757,129.650339,143.562832
6812064,./6812064/6812064_6f9735b7f0e1e41c9a5f944a56e3a253.jpg,640.000000,480.000000,175.478747,161.220107,125.128958,162.651085
6812064,./6812064/6812064_a1383a3f3fab8580737cf97e1359acbf.jpg,480.000000,640.000000,152.228223,133.010479,104.198623,136.507865
6812077,./6812077/6812077_0ceef969ac7dc298cfb2c94ed4e81b50.jpg,640.000000,480.000000,133.763060,101.921663,79.518704,110.219343
6812077,./6812077/6812077_14becad8fc5c27d3ff672c490b607f0c.jpg,640.000000,480.000000,124.831810,98.935918,66.600221,105.099924
6812077,./6812077/6812077_3b1def9c185123c32f04610fd4f23ec3.jpg,640.000000,480.000000,131.239941,109.087926,90.090749,113.818643
6812077,./6812077/6812077_3b271f393f431a4a49c465830959a0c2.jpg,640.000000,480.000000,105.845101,90.794098,86.895638,95.918068
6812077,./6812077/6812077_6bc6f3a120aeeee92718adba8648a5cd.jpg,640.000000,480.000000,134.310400,126.515107,124.409105,128.725210
6812077,./6812077/6812077_9d0749c68b94cfd36cd297ed17e86bdd.jpg,640.000000,480.000000,140.724196,111.918594,84.556686,118.958884
6812077,./6812077/6812077_a3f2fe5b6007e0c04e3f6b7f139c73d2.jpg,640.000000,480.000000,133.342728,97.967585,61.885189,106.452174
6812077,./6812077/6812077_d8c9d31fbafca702008974e00b46c928.jpg,640.000000,480.000000,121.628516,106.153079,88.535973,109.352409
6812077,./6812077/6812077_e9014d50aba63f1db7f893781349b7cf.jpg,640.000000,480.000000,157.654294,137.579580,96.155879,140.763088
6812083,./6812083/6812083_109c02eb0ee267e844e6fd8d961811b7.jpg,480.000000,640.000000,168.919919,156.685977,146.584303,159.367244
6812083,./6812083/6812083_385c2d2b5a2741b51f1bc5c2e4039e05.jpg,480.000000,640.000000,187.430557,181.768447,176.951243,182.926470
6812083,./6812083/6812083_41f74a0337607c7e897f6d62db6223eb.jpg,480.000000,640.000000,172.555286,161.300218,153.025615,163.779579
6812083,./6812083/6812083_7adf7e1c7fe8b62aaadb2efffd0f9005.jpg,480.000000,640.000000,198.052240,146.041882,99.679235,158.618350
6812083,./6812083/6812083_83e1ca31c3275df99ad36a8c196d9f8f.jpg,425.000000,640.000000,191.659199,163.684651,114.883382,168.257764
6812083,./6812083/6812083_b42090908618f4c39ec9f30dfa5ec4be.jpg,480.000000,640.000000,187.492773,176.009486,163.863874,178.367817
6812083,./6812083/6812083_c44d3227475f18c17a9e611dccce21ba.jpg,480.000000,640.000000,206.026214,204.240400,196.306449,204.228591
6812083,./6812083/6812083_deded2fbe0bf08c90dacbca4850c462a.jpg,480.000000,640.000000,194.970156,174.745153,161.676849,179.408612
6812091,./6812091/6812091_0ea9661fe01d44f88b4a91fc337451bb.jpg,640.000000,480.000000,123.863359,112.161530,107.973109,114.940562
6812091,./6812091/6812091_8a1502f837e975d92d27b776c691c360.jpg,640.000000,480.000000,106.888447,93.800365,89.549020,97.181781
6812091,./6812091/6812091_da0b0fb7d957679821170010398b8e1d.jpg,640.000000,480.000000,100.274603,93.182926,85.291185,94.609101
6812098,./6812098/6812098_800b971d4bf6a014dc639f9af322d954.jpg,640.000000,426.000000,203.176485,188.822227,177.047557,191.820254
6812103,./6812103/6812103_7d93a7de88928fc3b3d9b61d435c04d5.jpg,469.000000,640.000000,180.351186,155.235271,127.436740,160.376320
6812103,./6812103/6812103_a01775e3fe0028fa99f6fbf2241fb740.jpg,480.000000,640.000000,192.191162,172.050576,145.010612,175.970463
6812103,./6812103/6812103_a8cb210ed85852238da601dc301e57d7.jpg,480.000000,640.000000,208.842305,195.515911,174.540423,197.754279
6812103,./6812103/6812103_ae67830410af47210129fe109f386ecd.jpg,480.000000,640.000000,172.821995,158.642656,137.523314,161.060734
6812103,./6812103/6812103_e0627bdc568cdb1bd1dfa6eefa9d65a2.jpg,480.000000,640.000000,192.352871,174.449102,147.909163,177.783397
6812103,./6812103/6812103_ee3917a43955ca1f0da2ac9304556b7f.jpg,480.000000,640.000000,155.872933,148.529189,142.535153,150.120381
6812103,./6812103/6812103_fab8f9d2ba09d0c0801d95fcdb5f3d3b.jpg,480.000000,640.000000,196.590814,181.490368,154.897747,183.953265
6812106,./6812106/6812106_433eefbf87a69edfbdb77c1051707c3e.jpg,640.000000,426.000000,195.230406,190.189092,181.209742,190.866749
6812106,./6812106/6812106_6062793516d6a44e278049272a133a9a.jpg,640.000000,440.000000,188.126722,184.749645,180.704730,185.368979
6812106,./6812106/6812106_a19888ec3acc607c8d059476fa20b018.jpg,640.000000,426.000000,189.184958,189.918556,190.574156,189.807695
6812106,./6812106/6812106_c9b3eead54c35a5b42c465c5f169595e.jpg,640.000000,426.000000,226.504295,199.214440,153.272047,203.521158
6812106,./6812106/6812106_f1b4a16a7cb940a0e0af2f6af803f509.jpg,640.000000,436.000000,188.772929,189.456422,188.417997,189.274514
6812107,./6812107/6812107_1978a59cf0d9ea672eb27089a05d6d46.jpg,640.000000,426.000000,174.346967,129.643574,101.941839,140.972998
6812107,./6812107/6812107_2c4fd4c0c603dc0d541db39c0c54a714.jpg,640.000000,426.000000,168.370954,156.150029,140.200759,158.369387
6812107,./6812107/6812107_5d80390ef7f4e0301c51a2137144fd57.jpg,612.000000,416.000000,123.460615,112.597709,102.752718,115.010715
6812107,./6812107/6812107_81ae23c8ce4c83b4a97019c9b6a542a1.jpg,640.000000,426.000000,145.130700,118.092840,99.455667,125.470421
6812107,./6812107/6812107_891645a8b9516dc856c9aa11ceb31351.jpg,640.000000,426.000000,129.922539,120.251515,104.867661,121.925067
6812107,./6812107/6812107_8ae176e194131d5890f8f54420ad3402.jpg,640.000000,426.000000,156.492389,149.641502,141.570566,150.890130
6812107,./6812107/6812107_a6df0466922ac243b42aac83fae5c6d2.jpg,640.000000,426.000000,151.957167,142.767019,125.135142,144.126798
6812107,./6812107/6812107_c0a697cd32cf263bf524a8f7f9c1d8c2.jpg,640.000000,426.000000,166.050968,154.547686,138.177714,156.633372
6812112,./6812112/6812112_61f4484ca114e5e382655dabcaaa2efd.jpg,640.000000,480.000000,121.886429,92.522734,60.971253,99.388618
6812112,./6812112/6812112_bd9c330a28b72b3d330863e167868ebc.jpg,480.000000,640.000000,144.467611,120.703265,95.790973,125.738449
6812112,./6812112/6812112_c8ef337652cecb51f598bb12a4810c1d.jpg,640.000000,480.000000,109.659655,96.872363,79.323682,99.601668
6812113,./6812113/6812113_8739432c3a3e5f9da492dbe13806bc3e.jpg,640.000000,434.000000,143.244484,134.308655,127.414351,136.096760
6812113,./6812113/6812113_944513e9039fecb786cbd688124b78a2.jpg,640.000000,441.000000,140.474568,131.730637,119.108865,133.209628
6812113,./6812113/6812113_9f64e79bde128d82d9e50de95370b61d.jpg,478.000000,640.000000,76.317897,77.562614,50.901680,76.086136
6812113,./6812113/6812113_e9512d5097fc1f5d8106a56d16658944.jpg,640.000000,432.000000,126.681377,116.908467,108.539894,118.941229
6812113,./6812113/6812113_f75d32069cbd0ca7ff650e7ba6c08dbc.jpg,640.000000,400.000000,142.667816,141.399539,137.810004,141.510419
6812119,./6812119/6812119_12cfa7f4cd8b6f4a1831608d9b037b7f.jpg,640.000000,465.000000,157.332305,144.892231,137.777446,149.012096
6812119,./6812119/6812119_166c44d7827c97d459f7cd421b7737a7.jpg,640.000000,465.000000,122.701761,110.758992,100.066253,113.910245
6812119,./6812119/6812119_83d9d45a99e6028389d1e04b7f5944de.jpg,640.000000,465.000000,166.165470,136.963824,129.264772,145.687817
6812119,./6812119/6812119_f1669cf6c985ea7bbaa4ec89fa2d4015.jpg,640.000000,465.000000,190.568868,192.646562,186.666210,191.981553
6812122,./6812122/6812122_1a00b4429c925097186a2f301c64ecf3.jpg,640.000000,480.000000,170.640521,141.974206,118.143327,148.380504
6812122,./6812122/6812122_291ac813c7017a2d75c1e45c2b2d65e0.jpg,640.000000,480.000000,138.607090,139.670820,141.153861,139.733823
6812122,./6812122/6812122_4df230dcca8e4345471801d1bc348e72.jpg,640.000000,480.000000,152.310153,142.336159,129.271361,144.089733
6812122,./6812122/6812122_9064c9539d2a1adcacfb5c70a60a6fba.jpg,640.000000,480.000000,163.248076,150.953079,138.468997,153.493426
6812122,./6812122/6812122_c5a857de30304b8174b16f087bc61e12.jpg,640.000000,480.000000,186.265404,164.710117,138.039245,169.014389
6812122,./6812122/6812122_e89b80127a93c33510950fa66f4035d8.jpg,640.000000,480.000000,156.894085,141.869694,126.249613,144.937997
6812122,./6812122/6812122_fa4de19105e6d8e61fe992ca5a3f181d.jpg,640.000000,480.000000,132.751670,122.483066,113.151038,124.613771
6812126,./6812126/6812126_30801fa9ec1e2370cce8f36ab21d6460.jpg,640.000000,480.000000,115.450628,108.056995,91.673018,108.932868
6812126,./6812126/6812126_d0e915041a9d241145ea12d43adc5839.jpg,640.000000,480.000000,168.439727,141.484805,91.948633,146.381586
6812135,./6812135/6812135_5d0075abd6067e99ff75bd5c68f8e332.jpg,640.000000,447.000000,128.236483,113.689534,100.186116,116.997001
6812140,./6812140/6812140_mb_3daf6ae30c7a7e6fc1a63e838a751eec.jpg,640.000000,480.000000,93.459147,88.496462,81.980260,89.407649
6812140,./6812140/6812140_mb_5233d8911239e7fc3a03e5baff8753c5.jpg,640.000000,480.000000,146.823805,135.785335,118.904076,137.487345
6812140,./6812140/6812140_mb_e349a4034780ee251132c78fffdb26ed.jpg,640.000000,480.000000,111.792113,106.870062,98.393971,107.656811
6812140,./6812140/6812140_mb_fa338401a15b1ec4c3e1aaf4ba16e7cc.jpg,640.000000,480.000000,91.110703,86.472907,78.068796,87.178304
6812141,./6812141/6812141_43945b02ad7337a94e3e0d8574798fcb.jpg,640.000000,426.000000,184.183242,174.360941,162.586513,176.297995
6812141,./6812141/6812141_55dd6510b54192a5c8536d93b8b7a945.jpg,426.000000,640.000000,103.751940,103.885989,103.137251,103.809335
6812141,./6812141/6812141_feb0bc179a67a17bc68381f7282d5282.jpg,640.000000,427.000000,157.278096,155.170722,152.799429,155.553930
6812142,./6812142/6812142_0a298ff28376bd2d5fc842632e5509fe.jpg,640.000000,360.000000,167.574340,166.593941,164.073220,166.859754
6812142,./6812142/6812142_1052cc814f829f35a1a9f0f0a892588a.jpg,640.000000,360.000000,120.582513,111.657791,93.128550,113.017805
6812142,./6812142/6812142_21c2fe8ee7b1ea3f0085ee084e479b24.jpg,640.000000,360.000000,154.420295,155.608741,155.306359,155.536905
6812142,./6812142/6812142_39c949f501fb3f0d1cdf0b8c46230088.jpg,640.000000,360.000000,136.639961,145.270039,164.094878,144.684224
6812142,./6812142/6812142_3d725c8c83113bd327855b0c99924115.jpg,640.000000,360.000000,106.798112,101.622118,97.752990,102.735303
6812142,./6812142/6812142_6036794510333d3ed5b81b0e13360ad8.jpg,640.000000,360.000000,131.241727,130.268776,128.254774,130.375470
6812142,./6812142/6812142_7d486976dc29ba154ce822e83e112340.jpg,640.000000,360.000000,130.023255,132.724991,132.943676,132.296923
6812142,./6812142/6812142_88545337f955fa928fd77583866816bf.jpg,360.000000,640.000000,147.255473,150.114097,151.978919,150.063056
6812142,./6812142/6812142_c7afa2f2f21fbe956c3cef8c456d7fb7.jpg,640.000000,360.000000,101.575399,121.527574,144.640707,119.683617
6812142,./6812142/6812142_da90e53649840c6135410801ba7ad618.jpg,640.000000,360.000000,148.287995,136.930959,126.628446,139.485498
6812142,./6812142/6812142_db86f9e1929c292774369ae3e20b0afa.jpg,640.000000,360.000000,143.664314,134.766484,128.708889,136.599914
6812142,./6812142/6812142_e6589753fec0e48afdbe37e656848c0c.jpg,640.000000,360.000000,125.652626,163.414119,184.247196,157.722355
6812142,./6812142/6812142_e96f48c9865470adfab62d0e578e3410.jpg,640.000000,360.000000,123.092062,116.787166,101.753976,117.605111
6812150,./6812150/6812150_e7a69babbb8b5d86e8969f7601f894c9.jpg,159.000000,125.000000,207.096453,172.179321,175.079648,182.204749
6812151,./6812151/6812151_282fe2dc2d7fbd7ee9ab4c2ff7d0abd8.jpg,640.000000,480.000000,187.428421,117.991367,93.977327,139.415157
6812151,./6812151/6812151_57c234bac22577f27d7a8ea91a3bc864.jpg,640.000000,480.000000,187.536696,117.246611,92.851331,139.045950
6812151,./6812151/6812151_8ce1874a6e35bf104efa8dcf7d5a069c.jpg,640.000000,480.000000,149.496895,131.962233,134.279704,137.133375
6812151,./6812151/6812151_8f6c35a21ecab7b1380f6353a3e6078d.jpg,640.000000,480.000000,193.705618,148.653366,139.181865,162.158854
6812151,./6812151/6812151_9f1cc656f331dffef79afeb18963c280.jpg,640.000000,480.000000,158.518678,133.826553,122.662816,141.740486
6812154,./6812154/6812154_32a0b556465bcc57fac44cbe021b2309.jpg,640.000000,480.000000,199.491016,200.103916,203.530179,200.236901
6812154,./6812154/6812154_94dfc464958640f9e9bfb8e7b3550b42.jpg,640.000000,428.000000,176.837131,174.424029,168.583101,174.698210
6812157,./6812157/6812157_3fa13f54b6ef0b6799b81994beabcff7.jpg,424.000000,640.000000,144.901924,143.503637,140.129175,143.635591
6812157,./6812157/6812157_73e5d7d73966c5fef690ae22cf681913.jpg,424.000000,640.000000,130.387736,128.047277,124.017807,128.399554
6812157,./6812157/6812157_895e5d6675282638e747b3c03a17e435.jpg,640.000000,424.000000,167.366196,148.079828,121.383432,152.335555
6812157,./6812157/6812157_b1abd800244a603b4257bebcc632aaae.jpg,640.000000,424.000000,180.164630,160.269693,123.731954,163.761102
6812157,./6812157/6812157_cc3e38701fbde34eabc8943dc90e75ab.jpg,640.000000,424.000000,117.659154,114.190021,107.077248,114.646364
6812157,./6812157/6812157_dd01947856352b63721be5901e253469.jpg,640.000000,424.000000,151.494211,142.619786,130.628306,144.340225
6812158,./6812158/6812158_0d2541bc04e5a73edc15e2a40b5fa299.jpg,640.000000,640.000000,124.139072,117.209714,105.552463,118.292164
6812158,./6812158/6812158_41395982eee677ca0f0e99516036b487.jpg,640.000000,480.000000,161.414118,130.930645,107.495016,138.852406
6812158,./6812158/6812158_6b77d947ba89ac5003268438bf910956.jpg,640.000000,640.000000,107.508704,96.144028,90.317000,98.962827
6812158,./6812158/6812158_8210ed563c41ed30f3d3a1db4a8a301c.jpg,640.000000,640.000000,122.152754,104.900667,87.607263,108.865751
6812158,./6812158/6812158_8344b0a516d71cf59187c4081f331cce.jpg,640.000000,640.000000,127.877825,115.861631,103.703914,118.476751
6812158,./6812158/6812158_a99fcc3cbb83717bf5628840fc3b428c.jpg,640.000000,480.000000,143.432243,127.267181,111.838701,130.415997
6812158,./6812158/6812158_d1d65bb68ebca53184818cceb57bd1da.jpg,640.000000,640.000000,117.504988,104.303735,93.139592,107.409702
6812174,./6812174/6812174_9599a52f80e70e94bc8a20c453354445.jpg,640.000000,426.000000,148.389631,130.648702,108.700800,134.111407
6812174,./6812174/6812174_a6c5e82cd277baeceb75b73cfb485dbf.jpg,640.000000,426.000000,174.380153,157.192800,134.029842,160.217210
6812174,./6812174/6812174_b61e14ed66eb7abc04973190dfd1edc0.jpg,480.000000,640.000000,123.756764,122.055218,116.271963,122.173932
6812174,./6812174/6812174_d0e96b15ad9479992f1424ba57d90cab.jpg,640.000000,426.000000,174.000205,149.088685,119.526973,154.402025
6812174,./6812174/6812174_df862abeaa840e1ffa81a76bbfc6ac07.jpg,640.000000,426.000000,161.347011,160.176757,159.069517,160.392457
6812175,./6812175/6812175_21d61e98440ea54943f5ba150db1564f.jpg,640.000000,426.000000,107.009727,111.644517,116.273665,111.235631
6812175,./6812175/6812175_22ad0189f054486c0bbaa4ed30e4c988.jpg,640.000000,426.000000,132.020602,130.641318,127.681441,130.820186
6812175,./6812175/6812175_38ca9dd59e6638064bb1cbda5b193e8a.jpg,640.000000,426.000000,108.267121,104.167510,98.938025,104.877326
6812175,./6812175/6812175_6dd7cfdf23637a665e3c4435e42f4eb9.jpg,640.000000,426.000000,128.687518,130.739481,133.031349,130.467528
6812175,./6812175/6812175_9ec931f30150727aa764158882b3b3d4.jpg,640.000000,426.000000,141.735838,144.790354,149.547011,144.431429
6812175,./6812175/6812175_b04994d2eac19c8eca9dd34a68ff97a5.jpg,640.000000,426.000000,127.030689,129.037298,131.599292,128.799294
6812175,./6812175/6812175_db5bca76f2a29ea5e9c3ea47012960bc.jpg,640.000000,426.000000,108.110160,90.747814,83.830128,95.288026
6812175,./6812175/6812175_e7e47f51cedee8a051ba4c753869d554.jpg,640.000000,426.000000,116.568713,117.802843,118.489972,117.991361
6812175,./6812175/6812175_f69a8dc56294ecd629e5e1e566c8e0ee.jpg,640.000000,426.000000,108.066824,108.898482,111.033718,109.033056
6812177,./6812177/6812177_02d14fa142a593ae82af5248342c436f.jpg,483.000000,640.000000,25.517378,34.753727,30.828390,32.590819
6812177,./6812177/6812177_0f628406781dbe696ae57f945f1dfd4d.jpg,480.000000,640.000000,104.351481,97.940413,86.675179,99.046840
6812177,./6812177/6812177_43a82bc254bb97082a469590d1db0eb6.jpg,480.000000,640.000000,109.696191,98.945534,77.218939,100.584838
6812177,./6812177/6812177_459c5af390b910f145971dd344179825.jpg,495.000000,640.000000,20.046746,28.861474,25.095941,26.792264
6812177,./6812177/6812177_5a11c36d21e5b58c6e9e621dddf3ca6d.jpg,640.000000,570.000000,24.046192,32.402612,28.793391,30.441678
6812177,./6812177/6812177_6d4111385f0df67fb5c39926c775be54.jpg,474.000000,640.000000,20.877238,30.196381,26.211580,28.009805
6812177,./6812177/6812177_7c62f5a568ef37a7f9303f3eed7cf403.jpg,483.000000,640.000000,25.517378,34.753727,30.828390,32.590819
6812177,./6812177/6812177_89e7e5a53d3e047ada7f482c381e3291.jpg,640.000000,570.000000,24.046664,32.402637,28.793950,30.441847
6812177,./6812177/6812177_956f536b2fa8c16b4ee779d98d11627f.jpg,630.000000,640.000000,27.647202,37.186178,33.927502,34.953918
6812177,./6812177/6812177_ba1fef8e882eacad7710cf227f8423e5.jpg,307.000000,640.000000,23.631235,33.849588,29.454194,31.451756
6812177,./6812177/6812177_bb1c2edb27adff00f6ddc3c064f507ef.jpg,479.000000,640.000000,24.979952,34.977903,30.684864,32.629456
6812177,./6812177/6812177_ca081b64a2ec20ed358ca61ab833f046.jpg,536.000000,640.000000,19.419703,27.205562,23.841147,25.384412
6812177,./6812177/6812177_ef19de3703530f4ef525e6ddd7f80002.jpg,495.000000,640.000000,20.046746,28.861474,25.095941,26.792264
6812179,./6812179/6812179_1203601542f67c089ead9981ffcf28ec.jpg,480.000000,640.000000,129.288815,131.651064,132.168350,131.407406
6812179,./6812179/6812179_298a43d0875b150ce6634f50360b38d7.jpg,640.000000,426.000000,71.700055,44.678125,26.943123,52.727370
6812179,./6812179/6812179_63e2186215ae3d77ec86c9f7e16bcb91.jpg,480.000000,640.000000,110.222428,111.329486,113.961589,111.664757
6812179,./6812179/6812179_729ab304086f9d58ae9e75f1c987e144.jpg,480.000000,640.000000,126.097298,128.827513,135.327122,128.989148
6812179,./6812179/6812179_a0c20b976ca7ba9eac9a8c8a49d610ee.jpg,640.000000,426.000000,133.817011,107.096057,80.841828,113.044373
6812179,./6812179/6812179_adfa8127897c14a048d2f1563ce9693a.jpg,640.000000,480.000000,130.383743,124.374479,117.855605,125.629665
6812179,./6812179/6812179_b35d05f172c0d8a61694a37cb635ba37.jpg,640.000000,480.000000,123.842643,122.340182,111.923896,122.293564
6812181,./6812181/6812181_4cdfceb80c6d3fa13266d73155620f53.jpg,640.000000,480.000000,184.030977,167.137552,142.829105,171.350765
6812181,./6812181/6812181_836529be9937067ed5f69c818c3228d0.jpg,640.000000,480.000000,135.457627,155.412282,152.004316,151.215166
6812181,./6812181/6812181_b2cc54c8988f65f899e8fc1786bcde3f.jpg,640.000000,480.000000,126.012819,177.694144,200.286328,169.010293
6812186,./6812186/6812186_062822ec90b72ec14d37e5e827ea3c94.jpg,640.000000,426.000000,170.139382,147.969949,126.320793,152.833184
6812186,./6812186/6812186_1447b164c1132f9911bc55048909fe9f.jpg,640.000000,426.000000,175.835134,154.817466,132.402300,159.391660
6812186,./6812186/6812186_3167658b8c213fd2f189c7a9a96773a9.jpg,640.000000,426.000000,127.252934,117.533898,109.107563,119.727808
6812186,./6812186/6812186_5c194a37a9be8ded4e188c9d96acc502.jpg,640.000000,426.000000,152.347737,141.549743,133.817661,144.119107
6812186,./6812186/6812186_60ce234e51be21e8027aad85ce3f04f6.jpg,640.000000,426.000000,189.862445,158.285296,121.482442,164.948858
6812186,./6812186/6812186_6240672f4e9d6ccb1ff927b9d701a2a8.jpg,640.000000,426.000000,147.987995,125.991480,103.839679,130.918610
6812186,./6812186/6812186_747853d31738324814da563d850a6831.jpg,427.000000,640.000000,129.193545,123.186622,118.428967,124.404529
6812186,./6812186/6812186_75bda90611e05086c654a346279e9670.jpg,427.000000,640.000000,162.666013,140.352748,116.235052,144.990726
6812186,./6812186/6812186_8008267470bbb6166048f3dd92c38aa0.jpg,640.000000,426.000000,139.995118,129.751588,121.044491,132.057250
6812186,./6812186/6812186_8479e9c9ce0d6bcc2ba1be2ea708a259.jpg,427.000000,640.000000,162.558936,142.568871,122.625951,146.888506
6812186,./6812186/6812186_9f66ebd9eabd966a7570f1386cb407fb.jpg,640.000000,426.000000,98.301045,99.850598,65.706606,98.577075
6812186,./6812186/6812186_b854dd1c5f97ab4d6aa29d9122769d55.jpg,640.000000,426.000000,123.094341,103.487474,81.810105,107.666725
6812186,./6812186/6812186_b98d28c9fde0fd8861b971c002c8ba97.jpg,427.000000,640.000000,160.323964,144.888590,128.159924,147.845603
6812186,./6812186/6812186_d0f1eb892cc72532654bd9817870e79b.jpg,427.000000,640.000000,183.385224,167.370799,145.112807,170.063396
6812187,./6812187/6812187_028f3ec5b4e5f7662c989bb114590de9.jpg,640.000000,480.000000,183.436377,175.553193,163.153516,176.691702
6812187,./6812187/6812187_16025dc1b4be3c7c3e4243816ff9a7a5.jpg,640.000000,480.000000,224.198366,213.817480,197.375850,215.322258
6812187,./6812187/6812187_2d879deb6d1e97fb3b17004e95bbbda8.jpg,640.000000,480.000000,103.431650,103.571305,89.978724,102.814217
6812187,./6812187/6812187_39c443ac006bc748469e5f002988c7c4.jpg,640.000000,480.000000,150.499603,144.273919,132.059674,145.089962
6812192,./6812192/6812192_230ed19960b3a1100e4725862f824b35.jpg,426.000000,640.000000,150.273078,142.518192,137.780626,144.376980
6812192,./6812192/6812192_645062c766ec1835ac6761525a233760.jpg,426.000000,640.000000,150.625092,143.202025,134.400246,145.078063
6812192,./6812192/6812192_c0f40ed954dd762f0f4cdf0164794b76.jpg,480.000000,640.000000,139.670710,134.001016,123.625374,134.749698
6812195,./6812195/6812195_17a92408490ed7e00047d09430e5fa53.jpg,640.000000,426.000000,112.190720,116.364690,119.541920,115.660821
6812195,./6812195/6812195_1d86e472cc099e8ec6fb1511cdd59863.jpg,640.000000,426.000000,128.363270,127.223551,124.137683,127.420267
6812195,./6812195/6812195_538381d679e12fce80452eecdcb5069f.jpg,640.000000,470.000000,116.501499,115.609129,111.601307,115.616288
6812195,./6812195/6812195_da4a523b50206f678f4c0b4654120364.jpg,640.000000,426.000000,134.370221,146.074413,154.614400,144.103517
6812198,./6812198/6812198_2c12be13a2cf23861a5c35d7443154ad.jpg,480.000000,640.000000,149.868968,129.872259,102.189652,133.826077
6812198,./6812198/6812198_306f0a995ac5334b6278d82f85c5b0e6.jpg,640.000000,480.000000,121.639401,106.266253,88.885937,109.498905
6812198,./6812198/6812198_5b5310d37bf641f8e7a942c6a37438b3.jpg,640.000000,480.000000,93.008203,80.679857,61.482305,83.004000
6812201,./6812201/6812201_018ba92df59514823dd9fd1c3bd98fac.jpg,640.000000,426.000000,160.715262,131.471358,97.712141,137.429002
6812201,./6812201/6812201_024498afbe9a099d77ff7ffd1e540dd5.jpg,640.000000,426.000000,192.276269,156.239547,106.181430,163.025801
6812201,./6812201/6812201_4518d4fd8e61da5ae485d68e92ec7a3a.jpg,640.000000,426.000000,162.167312,142.904864,124.501625,147.094220
6812201,./6812201/6812201_f5fc24f860dc7472f198f37e94842a4b.jpg,640.000000,426.000000,147.096791,123.916777,98.584892,128.659264
6812215,./6812215/6812215_1758ab9a963a20fafd14fbac486f6419.jpg,640.000000,437.000000,197.662393,184.339406,169.247233,187.135082
6812215,./6812215/6812215_36ee3519c37111b921af545b39bfe19e.jpg,640.000000,437.000000,185.888251,177.830463,166.961274,179.227335
6812215,./6812215/6812215_4b9833be7378bb70868336e246a5e30f.jpg,640.000000,437.000000,206.309236,192.779809,175.658124,195.397656
6812215,./6812215/6812215_58190dd63c1a110096e45ffbb08e6bcb.jpg,640.000000,437.000000,173.768396,163.959007,152.793836,165.789003
6812215,./6812215/6812215_6eb1327c9b53f3adbf881013289c2225.jpg,640.000000,437.000000,181.602531,163.415711,144.783567,167.465001
6812215,./6812215/6812215_6f3acc0e2350cedc39cd321c26c87001.jpg,640.000000,437.000000,212.802996,203.995717,198.906153,205.856064
6812215,./6812215/6812215_92aff0afce7cfa2effeda2bb1b0a00ce.jpg,640.000000,437.000000,188.953586,180.651838,171.887965,182.204356
6812215,./6812215/6812215_92d72ab9c95f79a4e344203ee420755f.jpg,640.000000,437.000000,178.858495,166.618843,156.029702,169.380643
6812215,./6812215/6812215_b15eda1a36a21d58b7f7b10f787407b4.jpg,640.000000,437.000000,219.071171,211.315868,201.397129,212.672440
6812215,./6812215/6812215_b7beb8429f497a2206624fa4a439605f.jpg,640.000000,480.000000,104.340326,118.252409,75.824997,113.040000
6812215,./6812215/6812215_e1296cbbc8098b7751c48d5a03502a05.jpg,640.000000,437.000000,184.563308,169.812175,156.637142,173.220078
6812215,./6812215/6812215_ec1daa24e6026e9671aff6915c4ddfb4.jpg,640.000000,437.000000,149.866104,143.794290,133.370638,144.770596
6812215,./6812215/6812215_f4ee437b6722908174498525ee3dd3be.jpg,469.000000,640.000000,180.047818,168.474634,154.629421,170.987549
6812216,./6812216/6812216_026174dea3ac294cb88cadf9274df4cd.jpg,640.000000,480.000000,150.789574,143.097594,120.886289,143.838420
6812216,./6812216/6812216_98b7fb7e55214fd0cd6dcb21f3cf3b4b.jpg,640.000000,480.000000,177.139674,179.801123,170.757982,178.639622
6812216,./6812216/6812216_a402c3969ba51a17a02a1021be63899a.jpg,640.000000,480.000000,177.418239,159.809984,143.649844,163.366126
6812216,./6812216/6812216_df0abba0d8085a849ad13634a95c9b48.jpg,640.000000,480.000000,132.101351,122.511761,110.780384,124.461981
6812223,./6812223/6812223_2eff74686344b0a540c9ed9fa78229b5.jpg,640.000000,425.000000,125.199103,108.196676,93.964184,112.264152
6812223,./6812223/6812223_3f6d095df3c8bde5a7da3a8939c9db1b.jpg,640.000000,425.000000,170.719147,148.196357,126.005357,153.199635
6812223,./6812223/6812223_50a885b6da2c420eba90cc63919b7104.jpg,640.000000,425.000000,161.495096,151.701309,127.225316,152.956402
6812223,./6812223/6812223_5c4d2100b140975e8fd0b29f79142b04.jpg,640.000000,425.000000,159.289566,136.660037,119.549294,142.389262
6812223,./6812223/6812223_906d2825311544e3ef052c315f4dddb7.jpg,640.000000,425.000000,150.258085,134.332121,121.687434,137.969529
6812223,./6812223/6812223_9aac0c6286ad0dcff69ecdfd3c176b49.jpg,640.000000,425.000000,143.037937,124.383629,108.480684,129.012428
6812223,./6812223/6812223_c67a947afa0e49ad6141debe0dac4d13.jpg,425.000000,640.000000,151.360474,139.323029,114.888588,141.262294
6812223,./6812223/6812223_cb780cdea1cdf9ab27d5b3cfb958ef58.jpg,640.000000,425.000000,160.315037,145.085438,133.855404,148.577124
6812223,./6812223/6812223_f94de141c6d2e3c7cbebc4b4ee6425b4.jpg,640.000000,425.000000,153.229695,136.264312,133.459610,141.045962
6812233,./6812233/6812233_407dc0c99b1a641cb218cd926cbc023a.jpg,640.000000,426.000000,205.193181,152.875103,100.153055,165.556731
6812233,./6812233/6812233_a5af03188bc5f62341b5ff7ac2deb214.jpg,640.000000,426.000000,134.632354,125.405623,106.928488,126.937136
6812234,./6812234/6812234_03ffaf0272c447a079058c25800df4cd.jpg,360.000000,640.000000,153.112869,162.712934,175.455304,161.440287
6812234,./6812234/6812234_1874238e8d773d306e97047f57d908ad.jpg,576.000000,415.000000,159.615403,150.369323,149.483944,153.978923
6812234,./6812234/6812234_4100635bf753bbd099f642a0b849db83.jpg,640.000000,421.000000,131.062927,132.437519,107.861383,131.151262
6812234,./6812234/6812234_8690960b65bb78b46edd8364a0700383.jpg,640.000000,435.000000,169.794759,140.961566,122.691986,148.633486
6812234,./6812234/6812234_f616d0a913d65380f7b5c87f240fb689.jpg,634.000000,367.000000,177.264920,166.853605,106.580665,168.638387
6812239,./6812239/6812239_afba39c338c4687e4bd74db6b58ec87f.jpg,640.000000,480.000000,129.258184,127.227549,120.917464,127.373836
6812239,./6812239/6812239_c479fd5691f4bd53cc8de7d651e46f70.jpg,640.000000,480.000000,133.041657,127.138923,118.761585,128.424641
6812239,./6812239/6812239_d66e2cd8add8c1df6343cbb08932d1fa.jpg,640.000000,480.000000,113.113291,108.351110,101.131133,109.337368
6812243,./6812243/6812243_33d8cae95b1e5e08fbf4ee44d9a4cb1a.jpg,480.000000,640.000000,179.425215,167.116237,146.462969,169.145062
6812243,./6812243/6812243_3a4b584a209483a400262181fffa2e5d.jpg,480.000000,640.000000,154.511100,124.764209,81.735485,131.144230
6812243,./6812243/6812243_c91706eb3ed7176f2203297ceeb299ba.jpg,480.000000,640.000000,172.355518,171.790798,163.549508,171.404920
6812243,./6812243/6812243_e5ddf20a1ca257066c59ba5fe5a7bf3c.jpg,480.000000,640.000000,166.102933,137.137412,92.528154,142.728573
6812256,./6812256/6812256_9deae35e4eeef31e85440f3960820492.jpg,480.000000,640.000000,76.805853,96.767497,115.814124,94.518778
6812257,./6812257/6812257_3151cc10027c46793c86423269742813.jpg,177.000000,267.000000,136.848473,137.637826,136.230813,137.439590
6812257,./6812257/6812257_7ac37cc084f16a1fe5f8830e1f31fc28.jpg,640.000000,480.000000,169.922640,166.837926,146.232705,167.014991
6812257,./6812257/6812257_91e253eda5fd71cf1702730d08d147da.jpg,640.000000,480.000000,177.539238,175.464069,163.288014,175.227945
6812258,./6812258/6812258_4ada9aad093a1b46c0446755b4d6ae3b.jpg,640.000000,426.000000,126.599857,117.845998,102.267994,119.589497
6812258,./6812258/6812258_90ef0dd81ada1243fdab2f051b471d86.jpg,426.000000,640.000000,166.580946,160.964781,149.091076,161.578930
6812258,./6812258/6812258_a093d1c2615443accb900a38f3994f04.jpg,426.000000,640.000000,138.873287,118.493666,96.721413,123.212018
6812258,./6812258/6812258_f78e69e145d6b215c22cb5a21af881e5.jpg,426.000000,640.000000,160.677696,152.937203,140.063923,154.035418
6812263,./6812263/6812263_01314c92c181bc0413c78ce09fb0131f.jpg,640.000000,359.000000,143.464232,136.305127,132.029252,137.895215
6812263,./6812263/6812263_6800f5df431f4f740c1083c85ac574df.jpg,640.000000,359.000000,171.558592,154.289659,141.539807,158.130136
6812263,./6812263/6812263_b36e4e916397362e8c21bf13f54c3ff5.jpg,640.000000,359.000000,130.400461,117.888510,108.143976,120.796085
6812263,./6812263/6812263_e877c0aac354f7dcf886290e89ac0554.jpg,640.000000,359.000000,147.334214,137.739868,132.235106,139.998556
6812263,./6812263/6812263_f8cfc41477571a1747122bc2f23ae2f8.jpg,640.000000,359.000000,162.090577,147.712935,135.476798,150.726114
6812263,./6812263/6812263_f915711a0a6ed454d8651a04115a0b06.jpg,640.000000,359.000000,153.875992,143.969821,129.718598,145.613432
6812264,./6812264/6812264_592884358e5872635cea50ac2b29e02b.jpg,640.000000,479.000000,154.094866,126.333155,112.633745,132.975736
6812264,./6812264/6812264_5ef7523d5e0689f2e4c577638bdff7e0.jpg,640.000000,426.000000,184.681477,160.989671,140.385681,166.598043
6812266,./6812266/6812266_644f7c5ab1c382547e07043751a6df87.jpg,479.000000,640.000000,109.097889,90.860021,78.907565,95.356519
6812266,./6812266/6812266_71ed4145569652b96ca3312c59cff243.jpg,479.000000,640.000000,105.073059,74.137582,54.591786,82.391494
